Keyword,Score
aerodynamics,0.5466
aerofoil,0.4303
slipstream,0.3909
unsteadiness,0.3798
aeroelasticity,0.3705
stokes,0.3593
windstream,0.3442
viscosities,0.3403
viscoelasticity,0.3361
shocks,0.332
flows,0.3282
gust,0.3095
wingbody,0.3028
drag,0.3007
shockwave,0.3
lifting,0.2947
shears,0.2807
turbulence,0.2648
velocity,0.2647
propulsion,0.2644
inlets,0.2632
momentum,0.2565
viscid,0.2538
reynolds,0.2505
hydraulically,0.248
flowmeter,0.2455
deceleration,0.2455
dynamics,0.2449
deflection,0.2448
transient,0.2422
streamlining,0.2388
ballistic,0.2362
fuselage,0.2346
freestream,0.2345
impulse,0.2316
swirl,0.2252
tailplane,0.2223
acrothermoelasticity,0.2172
hydroballistic,0.2163
wavy,0.2159
crossflow,0.2139
muffler,0.2117
fins,0.2097
halstead,0.2095
gradients,0.2058
liner,0.2047
mechanisms,0.2029
deformations,0.2017
exerted,0.2014
pressures,0.2009
pneumatic,0.2007
galerkin,0.1996
potentials,0.1975
stiffened,0.1954
foredrag,0.1942
turbines,0.1936
slopes,0.1925
displacement,0.1913
glide,0.1909
plunging,0.1891
oblique,0.1887
cavitation,0.1868
diaphragm,0.1864
bomber,0.1861
lubrication,0.185
ovaluated,0.1841
entrainment,0.1835
effects,0.1817
aeronautical,0.1809
transversely,0.1807
vibrationally,0.1801
sails,0.1792
laplace,0.1785
bulkhead,0.178
sloshing,0.1772
elastic,0.1765
navier,0.1762
erosion,0.1756
vorticity,0.1755
helmholtz,0.1729
slenderness,0.1722
steepest,0.1718
dissipations,0.171
subsonically,0.1699
inwards,0.1692
beveled,0.1691
layer,0.1689
dampometer,0.1683
stratiform,0.1683
transmission,0.1677
turbojet,0.1674
nozzles,0.1673
ejectors,0.1672
flaps,0.1652
slide,0.1642
illustrating,0.1639
timoshenko,0.1639
vector,0.1634
characteristic,0.1629
convective,0.1624
jumps,0.1622
dvl,0.1621
gascous,0.1617
compressional,0.1615
thickness,0.1597
shields,0.1589
undersurfaces,0.1578
inertia,0.1564
endplates,0.1556
streaks,0.1556
disturbances,0.1553
strut,0.1551
rockets,0.1549
dislocations,0.1548
rapidity,0.1546
divergences,0.1533
sommerfeld,0.1532
gradual,0.1531
blocking,0.1527
orientations,0.1521
kinematically,0.1519
staticpressure,0.1515
plumes,0.1511
rises,0.1507
airload,0.1506
contours,0.1498
parabolic,0.1496
diving,0.1496
levy,0.1489
rupture,0.1488
thermomechanics,0.1477
stresses,0.1465
magnetofluidmechanics,0.1464
electrohydrodynamic,0.1463
intuition,0.1457
payload,0.1456
volumetric,0.1453
lip,0.1449
subroutines,0.1447
membranes,0.1439
drosophila,0.1438
crank,0.1433
plate,0.1427
dipole,0.1424
windtunnels,0.1419
weakening,0.1414
differentials,0.1402
sweptback,0.1398
spiked,0.1397
pitch,0.1395
detached,0.1376
superaerodynamic,0.137
bluntnesses,0.1366
stiffener,0.1365
penetrations,0.1359
roughening,0.1358
rankine,0.1357
hampered,0.1351
physcal,0.1351
axial,0.135
hovercraft,0.135
bypass,0.1344
roar,0.1342
hypervelocity,0.1341
torque,0.1339
iferation,0.1333
borne,0.1314
accentuated,0.1311
effusion,0.1309
insulates,0.13
polystyrene,0.1298
loadings,0.1298
lyskov,0.1296
attachments,0.1284
excitations,0.1282
circumferential,0.1281
demarcation,0.1276
arm,0.1266
cantilever,0.1261
spurious,0.1257
evolve,0.1253
bernoulli,0.1248
stabilizers,0.1246
walled,0.1229
structures,0.122
booster,0.1214
smoothing,0.1204
rheological,0.12
diagrams,0.1199
transferring,0.1197
curling,0.1192
sheets,0.119
entails,0.1177
formulations,0.1159
stages,0.1151
absorption,0.1145
frames,0.1138
notches,0.1138
reanalysis,0.1135
exhaustive,0.1119
noncirculatory,0.11
throttle,0.11
rivet,0.1098
rectilinear,0.1096
schlieren,0.1094
departures,0.1082
wakelike,0.108
isobars,0.1078
dispersion,0.1075
lowers,0.107
conceptions,0.1066
undeformed,0.1063
torsion,0.1063
transformations,0.1062
aerothermochemical,0.1061
nosed,0.1057
discharges,0.1056
springs,0.1054
yeilds,0.1052
cambered,0.1046
quadratures,0.1045
overswing,0.1041
spans,0.1038
isentropic,0.1035
prospects,0.1032
conservation,0.1031
bearing,0.103
quick,0.1025
prandtl,0.102
sideforce,0.102
unfolding,0.1019
extensible,0.1017
spillage,0.1016
dicsovering,0.1015
filaments,0.1015
afterburner,0.1012
derivation,0.1011
drew,0.1008
variational,0.1007
conservativeness,0.1005
anisotropic,0.0998
techniques,0.0991
semi,0.099
resultants,0.0987
fundamentals,0.0987
tend,0.098
gravitational,0.0976
link,0.0975
wendt,0.0975
whisker,0.0973
underestimate,0.0972
nondimensional,0.0969
shroud,0.0967
assists,0.0966
boltzmann,0.0951
supplementary,0.0949
strictly,0.0948
cropped,0.0945
unbounded,0.0945
deductions,0.0944
asymptotes,0.0941
centrifugal,0.094
dihedral,0.0939
ambiguity,0.0938
choked,0.0935
ii,0.0934
launching,0.0924
decreases,0.0924
chase,0.0924
obtainec,0.0922
erature,0.0916
ascertained,0.0904
wassermann,0.0898
simulating,0.0894
nonflammable,0.0893
retrorocket,0.0885
planforms,0.088
redirecting,0.0877
flutter,0.0876
intractable,0.0876
plausible,0.0873
evaluates,0.087
inhomogeneous,0.0858
complements,0.0856
prototype,0.0853
breguet,0.085
moments,0.0847
strains,0.0846
transpiration,0.0845
diffusion,0.0843
dryden,0.0839
continuum,0.0838
define,0.0835
cascade,0.0835
reflection,0.0829
arrow,0.0829
distributions,0.0829
pound,0.0827
sections,0.0817
reversibility,0.0815
lyapunov,0.0812
induce,0.081
manoeuvre,0.08
hodograph,0.0791
propagation,0.0791
joule,0.0785
steamline,0.0778
hypothetical,0.0777
classifications,0.0775
hysteresis,0.0774
analyticially,0.0773
feldman,0.077
rsults,0.0769
reexamination,0.0768
fuels,0.0767
added,0.0763
dissertation,0.0761
epoxy,0.076
skewed,0.0759
superposition,0.0757
reshotko,0.0754
adverse,0.0754
spheroids,0.075
loose,0.0748
aerelastic,0.0746
yielding,0.074
outboard,0.0739
hartree,0.0734
sedov,0.073
midchord,0.0726
kirchhoffs,0.0725
vice,0.0724
designers,0.0719
virtually,0.0716
erfc,0.0715
bluff,0.0714
hopf,0.0713
supplement,0.0712
unperturbed,0.0708
singularity,0.0706
appendices,0.0701
prewhirl,0.0699
integrals,0.0698
ellipsoidal,0.0696
increments,0.0688
additive,0.0688
actual,0.0684
criticism,0.0681
1947,0.068
lucid,0.0672
threaten,0.0671
clamping,0.0667
humphreys,0.0667
hangling,0.0665
deuce,0.0663
residual,0.0659
attractive,0.0656
lighthill,0.0654
emmons,0.0651
rott,0.0648
taps,0.0647
discontinuities,0.0645
yarymovych,0.0638
external,0.0638
rudimentary,0.0637
enjoy,0.0635
edelfelt,0.0634
schemes,0.0624
dropoff,0.0623
msvo,0.0622
statistically,0.0617
howorth,0.0615
circulated,0.0615
declined,0.0596
cole,0.0595
empirical,0.0593
formation,0.0592
inserting,0.0586
vanguard,0.0577
retains,0.0574
kernels,0.0571
convex,0.0563
garrick,0.0561
jacobian,0.0558
require,0.0554
similitudes,0.055
convolution,0.055
shed,0.0533
bimolecular,0.0533
mistake,0.0533
0001,0.0529
disappears,0.0528
inconclusive,0.0528
parameters,0.0527
assure,0.052
havelock,0.0518
lecture,0.0514
grades,0.0511
advanced,0.051
spectrograph,0.0507
sobsonic,0.0505
account,0.0502
theoretic,0.05
existed,0.049
sinusoids,0.0485
grid,0.0485
midway,0.0484
prior,0.0473
apex,0.0464
exploit,0.0463
inductance,0.0458
sure,0.0458
appraoch,0.0456
capacitance,0.0451
mehtod,0.045
splitter,0.0447
castigliano,0.0443
sector,0.0423
protuberances,0.0421
express,0.0418
mises,0.0414
thereof,0.0412
einbinder,0.0407
exception,0.0403
overlapping,0.0397
cps,0.0394
fractional,0.0394
earlier,0.0393
peng,0.0393
astrophysics,0.039
11in,0.0381
beskin,0.0376
hypergeometric,0.0373
rendered,0.0364
criterion,0.0362
wrinkles,0.0361
multiweb,0.0358
ft1,0.0357
gortler,0.0355
minus,0.0349
stem,0.034
unresolved,0.0339
boiloff,0.0326
disc,0.0323
massbalance,0.0321
pearse,0.0319
constituent,0.0314
hirshfelder,0.0313
deficit,0.0312
teflon,0.0308
conventional,0.0302
installation,0.0294
declassified,0.0292
termperature,0.0292
approximated,0.0277
neared,0.0277
multicellular,0.0267
presents,0.0263
efficiencies,0.026
interact,0.0249
biconvex,0.0234
microphones,0.0234
0degrees,0.0224
encompass,0.0223
confirmed,0.0221
arrest,0.0216
texts,0.0214
detect,0.0205
microinches,0.0201
brightness,0.0192
gravalos,0.0189
taper,0.0185
spreiter,0.0183
caloric,0.0182
sodium,0.018
l57l10,0.0175
justifiable,0.0173
specifically,0.0171
cheng,0.0164
gupta,0.0162
busemann,0.0132
macadam,0.0129
regularities,0.0129
sutherland,0.0106
interferometric,0.0083
observables,0.0075
eigenvalue,0.007
modulus,0.0053
grazing,0.0052
notable,0.0048
evvard,0.0017
lomax,0.0017
agrees,0.0015
shypersonic,0.0005
230,-0.0004
retarded,-0.0043
zurich,-0.0059
american,-0.0102
ordinates,-0.0171
couple,-0.0229
